#
# Table of Datum aliases. Datum may be geodetic, vertical, temporal, etc.
# Ellipsoid and prime meridian names may appear in this table as well.
# The first line shall contains the authority names. All other lines are
# datum names.
#
# (C) 2005-2008, Open Source Geospatial Foundation (OSGeo)
#

# The authorities for each column
EPSG;OGR;ESRI;Oracle;OGC

# The values for each column.
Abidjan 1987;Abidjan_1987;D_Abidjan_1987;
Accra;Accra;D_Accra;
Adindan;Adindan;D_Adindan;Adindan
Afgooye;Afgooye;D_Afgooye;Afgooye
Agadez;Agadez;D_Agadez;
Ain el Abd 1970;Ain_el_Abd_1970;D_Ain_el_Abd_1970;Ain el Abd 1970
Albanian 1987;Albanian_1987;D_Albanian_1987;
American Samoa 1962;American_Samoa_1962;D_American_Samoa_1962;
Amersfoort;Amersfoort;D_Amersfoort;
Ammassalik 1958;Ammassalik_1958;;
Ancienne Triangulation Francaise (Paris);Ancienne_Triangulation_Francaise_Paris;;
Anguilla 1957;Anguilla_1957;D_Anguilla_1957;
Antigua 1943;Antigua_1943;D_Antigua_1943;
Aratu;Aratu;D_Aratu;
Arc 1950;Arc_1950;D_Arc_1950;Arc 1950
Arc 1960;Arc_1960;D_Arc_1960;Arc 1960
Australian Antarctic Datum 1998;Australian_Antarctic_Datum_1998;;
Australian Geodetic Datum 1966;Australian_Geodetic_Datum_1966;D_Australian_1966;Australian Geodetic 1966
Australian Geodetic Datum 1984;Australian_Geodetic_Datum_1984;;Australian Geodetic 1984
Average Terrestrial System 1977;Average_Terrestrial_System_1977;D_ATS_1977;
Azores Central Islands 1948;Azores_Central_Islands_1948;;
Azores Central Islands 1995;Azores_Central_Islands_1995;D_Azores_Central_Islands_1995;
Azores Occidental Islands 1939;Azores_Occidental_Islands_1939;D_Azores_Occidental_Islands_1939;
Azores Oriental Islands 1940;Azores_Oriental_Islands_1940;D_Azores_Oriental_Islands_1940;
Azores Oriental Islands 1995;Azores_Oriental_Islands_1995;D_Azores_Oriental_Islands_1995;
Barbados 1938;Barbados_1938;D_Barbados_1938;
Batavia;Batavia;D_Batavia;
Batavia (Jakarta);Batavia_Jakarta;;
Beduaram;Beduaram;;
Beijing 1954;Beijing_1954;D_Beijing_1954;
Bermuda 1957;Bermuda_1957;;Bermuda 1957
Bern 1938;Bern_1938;;
Bissau;Bissau;D_Bissau;
Bogota 1975;Bogota_1975;D_Bogota;Bogota Observatory
Bogota 1975 (Bogota);Bogota_1975_Bogota
#
# NOTE: Previous line was:
#       Bogota 1975 (Bogota);Bogota_1975_Bogota;D_Bogota;Bogota Observatory
#       But it introduces a name clash on "D_Bogota" and "Bogota Observatory".
#       A workaround could be to add supplementary "EPSG" and "Oracle" columns.
#
Bukit Rimpah;Bukit_Rimpah;;
Camacupa;Camacupa;D_Camacupa;
Campo Inchauspe;Campo_Inchauspe;D_Campo_Inchauspe;Campo Inchauspe
Cape;Cape;D_Cape;Cape
Carthage;Carthage;D_Carthage;Carthage
Carthage (Paris);Carthage_Paris;;
Centre Spatial Guyanais 1967;Centre_Spatial_Guyanais_1967;D_CSG_1967;
CH1903;CH1903;;
CH1903 (Bern);CH1903_Bern;;CH 1903 (Switzerland)
CH1903+;CH1903+;D_CH1903+;
Chatham Islands Datum 1971;Chatham_Islands_Datum_1971;D_Chatham_Island_1971;Chatham 1971
Chatham Islands Datum 1979;Chatham_Islands_Datum_1979;D_Chatham_Islands_1979;
Chos Malal 1914;Chos_Malal_1914;D_Chos_Malal_1914;
Chua;Chua;D_Chua;Chua Astro
Combani 1950;Combani_1950;D_Combani_1950;
Conakry 1905;Conakry_1905;D_Conakry_1905;
Congo 1960 Pointe Noire;Congo_1960_Pointe_Noire;D_Pointe_Noire;
Corrego Alegre;Corrego_Alegre;D_Corrego_Alegre;Corrego Alegre
Cote d'Ivoire;Cote_d_Ivoire;;
Dabola 1981;Dabola_1981;D_Dabola_1981;
Datum 73;Datum_73;D_Datum_73;
Dealul Piscului 1933;Dealul_Piscului_1933;D_Dealul_Piscului_1933;
Dealul Piscului 1970;Dealul_Piscului_1970;;
Deir ez Zor;Deir_ez_Zor;D_Deir_ez_Zor;
Deutsches Hauptdreiecksnetz;Deutsches_Hauptdreiecksnetz;D_Deutsches_Hauptdreiecksnetz;
Dominica 1945;Dominica_1945;D_Dominica_1945;
Douala;Douala;D_Douala;
Douala 1948;Douala_1948;D_Douala_1948;
Egypt 1907;Egypt_1907;D_Egypt_1907;Old Egyptian
Egypt 1930;Egypt_1930;;
Estonia 1992;Estonia_1992;D_Estonia_1992;
Estonia 1997;Estonia_1997;D_Estonia_1997;
European Datum 1950;European_Datum_1950;D_European_1950;European 1950
European Datum 1950(1977);European_Datum_1950_1977;D_European_1950_ED77;
European Datum 1979;European_Datum_1979;D_European_1979;European 1979
European Datum 1987;European_Datum_1987;;European 1987
European Libyan Datum 1979;European_Libyan_Datum_1979;D_European_Libyan_1979;
European Terrestrial Reference System 1989;European_Terrestrial_Reference_System_1989;;ETRS 89
Fahud;Fahud;;
Final Datum 1958;Final_Datum_1958;D_FD_1958;
Fort Marigot;Fort_Marigot;D_Fort_Marigot;
Gandajika 1970;Gandajika_1970;;Gandajika Base
Garoua;Garoua;D_Garoua;
Geocentric Datum of Australia 1994;Geocentric_Datum_of_Australia_1994;;GDA 94
Geodetic Datum of 1965;Geodetic_Datum_of_1965;;
Grand Comoros;Grand_Comoros;D_Grand_Comoros;
Greek;Greek;D_Greek;
Greek (Athens);Greek_Athens;;
Greek Geodetic Reference System 1987;Greek_Geodetic_Reference_System_1987;;
Grenada 1953;Grenada_1953;D_Grenada_1953;
Guadeloupe 1948;Guadeloupe_1948;;
Guam 1963;Guam_1963;;Guam 1963
Gulshan 303;Gulshan_303;;
Gunung Segara;Gunung_Segara;D_Gunung_Segara;
Gunung Segara (Jakarta);Gunung_Segara_Jakarta;;
Guyane Francaise;Guyane_Francaise;;
Hanoi 1972;Hanoi_1972;D_Hanoi_1972;
Hartebeesthoek94;Hartebeesthoek94;D_Hartebeesthoek_1994;
Helle 1954;Helle_1954;D_Helle_1954;
Herat North;Herat_North;;
Hito XVIII 1963;Hito_XVIII_1963;D_Hito_XVIII_1963;Hito XVIII 1963
Hjorsey 1955;Hjorsey_1955;D_Hjorsey_1955;
Hong Kong 1980;Hong_Kong_1980;D_Hong_Kong_1980;
Hu Tzu Shan;Hu_Tzu_Shan;;Hu-Tzu-Shan
Hungarian Datum 1972;Hungarian_Datum_1972;D_Hungarian_1972;
IERS Terrestrial Reference Frame 1988;IERS_Terrestrial_Reference_Frame_1988;;
IERS Terrestrial Reference Frame 1989;IERS_Terrestrial_Reference_Frame_1989;D_ITRF_1989;
IERS Terrestrial Reference Frame 1990;IERS_Terrestrial_Reference_Frame_1990;D_ITRF_1990;
IERS Terrestrial Reference Frame 1991;IERS_Terrestrial_Reference_Frame_1991;D_ITRF_1991;
IERS Terrestrial Reference Frame 1992;IERS_Terrestrial_Reference_Frame_1992;D_ITRF_1992;
IERS Terrestrial Reference Frame 1993;IERS_Terrestrial_Reference_Frame_1993;D_ITRF_1993;
IERS Terrestrial Reference Frame 1994;IERS_Terrestrial_Reference_Frame_1994;D_ITRF_1994;
IERS Terrestrial Reference Frame 1996;IERS_Terrestrial_Reference_Frame_1996;D_ITRF_1996;
IERS Terrestrial Reference Frame 1997;IERS_Terrestrial_Reference_Frame_1997;D_ITRF_1997;
IERS Terrestrial Reference Frame 2000;IERS_Terrestrial_Reference_Frame_2000;D_ITRF_2000;
IGN53 Mare;IGN53_Mare;D_IGN53_Mare
IGN56 Lifou;IGN56_Lifou;D_IGN56_Lifou
IGN72 Grande Terre;IGN72_Grande_Terre;D_IGN72_Grande_Terre
IGN72 Nuku Hiva;IGN72_Nuku_Hiva;D_IGN72_Nuku_Hiva
Indian 1954;Indian_1954;D_Indian_1954
Indian 1960;Indian_1960;D_Indian_1960
Indian 1975;Indian_1975;D_Indian_1975
Indonesian Datum 1974;Indonesian_Datum_1974;
Iraq-Kuwait Boundary Datum 1992;Iraq-Kuwait_Boundary_Datum_1992;D_Iraq_Kuwait_Boundary_1992
IRENET95;IRENET95;D_IRENET95
Islands Network 1993;Islands_Network_1993;D_Islands_Network_1993
Israel;Israel;D_Israel
Istituto Geografico Militaire 1995;Istituto_Geografico_Militaire_1995;D_IGM_1995
Jamaica 1875;Jamaica_1875;D_Jamaica_1875
Jamaica 1969;Jamaica_1969;
Japanese Geodetic Datum 2000;Japanese_Geodetic_Datum_2000;D_JGD_2000
Jednotne Trigonometricke Site Katastralni;Jednotne_Trigonometricke_Site_Katastralni;;
Jouik 1961;Jouik_1961;;
K0 1949;K0_1949;D_K0_1949;
Kalianpur 1880;Kalianpur_1880;D_Kalianpur_1880;
Kalianpur 1937;Kalianpur_1937;D_Kalianpur_1937;
Kalianpur 1962;Kalianpur_1962;D_Kalianpur_1962;
Kalianpur 1975;Kalianpur_1975;D_Kalianpur_1975;
Kandawala;Kandawala;D_Kandawala;Kandawala
Kartasto Koordinaati Jarjestelma 1966;Kartasto_Koordinaati_Jarjestelma_1966;D_KKJ;
Kertau;Kertau;D_Kertau;Kertau 1948
Korean Datum 1985;Korean_Datum_1985;D_Korean_Datum_1985;
Korean Datum 1995;Korean_Datum_1995;D_Korean_Datum_1995;
Kousseri;Kousseri;D_Kousseri;
Kuwait Oil Company;Kuwait_Oil_Company;D_Kuwait_Oil_Company;
Kuwait Utility;Kuwait_Utility;;
La Canoa;La_Canoa;D_La_Canoa;
Lake;Lake;D_Lake;
Lao 1993;Lao_1993;;
Lao National Datum 1997;Lao_National_Datum_1997;;
Latvia 1992;Latvia_1992;;
Leigon;Leigon;D_Leigon;
Liberia 1964;Liberia_1964;;Liberia 1964
Lisbon 1890;Lisbon_1890;D_Lisbon_1890;
Lisbon 1890 (Lisbon);Lisbon_1890_Lisbon;;
Lisbon 1937;Lisbon_1937;D_Lisbon;
Lisbon 1937 (Lisbon);Lisbon_1937_Lisbon;;
Lithuania 1994 (ETRS89);Lithuania_1994_ETRS89;D_Lithuania_1994;
Locodjo 1965;Locodjo_1965;D_Locodjo_1965;
Loma Quintana;Loma_Quintana;D_Loma_Quintana;
Lome;Lome;;
Luxembourg 1930;Luxembourg_1930;D_Luxembourg_1930;
Luzon 1911;Luzon_1911;D_Luzon_1911;
Madeira 1936;Madeira_1936;D_Madeira_1936;
Madrid 1870 (Madrid);Madrid_1870_Madrid;D_Madrid_1870;
Madzansua;Madzansua;D_Madzansua;
Mahe 1971;Mahe_1971;D_Mahe_1971;Mahe 1971
Makassar;Makassar;D_Makassar;
Makassar (Jakarta);Makassar_Jakarta;;
Malongo 1987;Malongo_1987;;
Manoca;Manoca;D_Manoca;
Manoca 1962;Manoca_1962;D_Manoca_1962;
Martinique 1938;Martinique_1938;;
Massawa;Massawa;D_Massawa;Massawa
Mauritania 1999;Mauritania_1999;;
Merchich;Merchich;D_Merchich;Merchich
Mhast;Mhast;D_Mhast;
Militar-Geographische Institut;Militar-Geographische_Institut;D_MGI;
Militar-Geographische Institut (Ferro);Militar-Geographische_Institut_Ferro;;
Minna;Minna;D_Minna;Minna
Monte Mario;Monte_Mario;D_Monte_Mario;
Monte Mario (Rome);Monte_Mario_Rome;;
Montserrat 1958;Montserrat_1958;D_Montserrat_1958;
MOP78;MOP78;D_MOP78;
Mount Dillon;Mount_Dillon;D_Mount_Dillon;
Moznet (ITRF94);Moznet_ITRF94;D_Moznet;
M'poraloko;M_poraloko;D_Mporaloko;
NAD Michigan;NAD_Michigan;D_North_American_Michigan;
NAD83 (High Accuracy Regional Network);NAD83_High_Accuracy_Regional_Network;D_North_American_1983_HARN;
NAD83 Canadian Spatial Reference System;NAD83_Canadian_Spatial_Reference_System;D_North_American_1983_CSRS98;
Nahrwan 1967;Nahrwan_1967;D_Nahrwan_1967;
Naparima 1955;Naparima_1955;D_Naparima_1955;
Naparima 1972;Naparima_1972;D_Naparima_1972;Naparima, BWI
National Geodetic Network;National_Geodetic_Network;;
NEA74 Noumea;NEA74_Noumea;D_NEA74_Noumea;
New Zealand Geodetic Datum 1949;New_Zealand_Geodetic_Datum_1949;D_New_Zealand_1949;
New Zealand Geodetic Datum 2000;New_Zealand_Geodetic_Datum_2000;D_NZGD_2000;
NGO 1948;NGO_1948;D_NGO_1948;
NGO 1948 (Oslo);NGO_1948_Oslo;;
Nord de Guerre (Paris);Nord_de_Guerre_Paris;D_Nord_de_Guerre;
Nord Sahara 1959;Nord_Sahara_1959;D_Nord_Sahara_1959;
Nord Sahara 1959 (Paris);Nord_Sahara_1959_Paris;;
North American Datum 1927;North_American_Datum_1927;D_North_American_1927;NAD 27 (Continental US)
North American Datum 1927 (1976);North_American_Datum_1927_1976;D_NAD_1927_Definition_1976;
North American Datum 1927 (CGQ77);North_American_Datum_1927_CGQ77;D_NAD_1927_CGQ77;
North American Datum 1983;North_American_Datum_1983;D_North_American_1983;NAD 83
Nouakchott 1965;Nouakchott_1965;;
Nouvelle Triangulation Francaise;Nouvelle_Triangulation_Francaise;;NTF
Nouvelle Triangulation Francaise (Paris);Nouvelle_Triangulation_Francaise_Paris;;NTF (Paris meridian)
NSWC 9Z-2;NSWC_9Z-2;;
Observatario;Observatario;D_Observatario;Observatorio 1966
Old Hawaiian;Old_Hawaiian;D_Old_Hawaiian;Old Hawaiian
OS (SN) 1980;OS_SN_1980;D_OS_SN_1980;
OSGB 1936;OSGB_1936;D_OSGB_1936;
OSGB 1970 (SN);OSGB_1970_SN;;
OSNI 1952;OSNI_1952;D_OSNI_1952;
Padang 1884;Padang_1884;;
Padang 1884 (Jakarta);Padang_1884_Jakarta;;
Palestine 1923;Palestine_1923;D_Palestine_1923;
Pampa del Castillo;Pampa_del_Castillo;D_Pampa_del_Castillo;
PDO Survey Datum 1993;PDO_Survey_Datum_1993;D_PDO_1993;
Petrels 1972;Petrels_1972;D_Petrels_1972;
Point 58;Point_58;D_Point_58;
Pointe Geologie Perroud 1950;Pointe_Geologie_Perroud_1950;D_Pointe_Geologie_Perroud_1950;
Porto Santo 1936;Porto_Santo_1936;D_Porto_Santo_1936;
Porto Santo 1995;Porto_Santo_1995;D_Porto_Santo_1995;
Posiciones Geodesicas Argentinas;Posiciones_Geodesicas_Argentinas;;
Posiciones Geodesicas Argentinas 1998;Posiciones_Geodesicas_Argentinas_1998;;
Provisional South American Datum 1956;Provisional_South_American_Datum_1956;D_Provisional_S_American_1956;Provisional South American
Puerto Rico;Puerto_Rico;D_Puerto_Rico;Puerto Rico
Pulkovo 1942;Pulkovo_1942;D_Pulkovo_1942;Pulkovo 1942
Pulkovo 1942/58;Pulkovo_1942/58;D_Pulkovo_1942_Adj_1958;
Pulkovo 1942/83;Pulkovo_1942/83;D_Pulkovo_1942_Adj_1983;
Pulkovo 1995;Pulkovo_1995;D_Pulkovo_1995;
Qatar 1948;Qatar_1948;;
Qatar 1974;Qatar_1974;;
Qatar National Datum 1995;Qatar_National_Datum_1995;D_Qatar;Qatar National
Qornoq;Qornoq;D_Qornoq;Qornoq
Qornoq 1927;Qornoq_1927;D_Qornoq_1927;
#
# NOTE: The two previous lines were:
#       Qornoq;Qornoq;D_Qornoq;
#       Qornoq 1927;Qornoq_1927;D_Qornoq_1927;Qornoq
#       But it introduces a name clash on "Qornoq".
#
Rassadiran;Rassadiran;D_Rassadiran;
Red Geodesica Venezolana;Red_Geodesica_Venezolana;D_REGVEN;
Reseau de Reference des Antilles Francaises 1991;Reseau_de_Reference_des_Antilles_Francaises_1991;;
Reseau Geodesique de la Reunion 1992;Reseau_Geodesique_de_la_Reunion_1992;D_RGR_1992;
Reseau Geodesique Francais 1993;Reseau_Geodesique_Francais_1993;D_RGF_1993;
Reseau Geodesique Francais Guyane 1995;Reseau_Geodesique_Francais_Guyane_1995;D_RGFG_1995;
Reseau Geodesique Nouvelle Caledonie 1991;Reseau_Geodesique_Nouvelle_Caledonie_1991;D_RGNC_1991;
Reseau National Belge 1950;Reseau_National_Belge_1950;D_Belge_1950;
Reseau National Belge 1950 (Brussels);Reseau_National_Belge_1950_Brussels;;
Reseau National Belge 1972;Reseau_National_Belge_1972;;
Reunion 1947;Reunion_1947;;Reunion
Reykjavik 1900;Reykjavik_1900;;
Rikets koordinatsystem 1990;Rikets_koordinatsystem_1990;D_RT_1990;RT 90 (Sweden)
Saint Pierre et Miquelon 1950;Saint_Pierre_et_Miquelon_1950;D_Saint_Pierre_et_Miquelon_1950;
Samboja;Samboja;D_Samboja;
Sapper Hill 1943;Sapper_Hill_1943;D_Sapper_Hill_1943;Sapper Hill 1943
Schwarzeck;Schwarzeck;D_Schwarzeck;Schwarzeck
Scoresbysund 1952;Scoresbysund_1952;;
Segora;Segora;D_Segora;
Selvagem Grande;Selvagem_Grande;;
Serindung;Serindung;D_Serindung;
Sierra Leone 1968;Sierra_Leone_1968;D_Sierra_Leone_1968;
Sierra Leone Colony 1924;Sierra_Leone_Colony_1924;D_Sierra_Leone_1924;
Sistema de Referencia Geocentrico para America del Sur 1995;Sistema_de_Referencia_Geocentrico_para_America_del_Sur_1995;;
Sistema de Referencia Geocentrico para America del Sur 2000;Sistema_de_Referencia_Geocentrico_para_America_del_Sur_2000;;
S-JTSK (Ferro);S-JTSK_Ferro;D_S_JTSK;
South American Datum 1969;South_American_Datum_1969;D_South_American_1969;South American 1969
South American Datum 1969;South_American_Datum_1969;D_South_American_1969;South American 1969
South Yemen;South_Yemen;D_South_Yemen;
St. George Island;St_George_Island;;
St. Kitts 1955;St_Kitts_1955;D_St_Kitts_1955;
St. Lawrence Island;St_Lawrence_Island;D_St_Lawrence_Island;
St. Lucia 1955;St_Lucia_1955;D_St_Lucia_1955;
St. Paul Island;St_Paul_Island;D_St_Paul_Island;
St. Vincent 1945;St_Vincent_1945;D_St_Vincent_1945;
ST71 Belep;ST71_Belep;D_ST71_Belep;
ST84 Ile des Pins;ST84_Ile_des_Pins;D_ST84_Ile_des_Pins;
ST87 Ouvea;ST87_Ouvea;D_ST87_Ouvea;
Stockholm 1938;Stockholm_1938;D_Stockholm_1938;
Stockholm 1938 (Stockholm);Stockholm_1938_Stockholm;;
Sudan;Sudan;D_Sudan;
SWEREF99;SWEREF99;D_SWEREF99;
Swiss Terrestrial Reference Frame 1995;Swiss_Terrestrial_Reference_Frame_1995;D_Swiss_TRF_1995;
Tahaa;Tahaa;D_Tahaa;
Tahiti;Tahiti;D_Tahiti;
Tananarive 1925;Tananarive_1925;D_Tananarive_1925;
Tananarive 1925 (Paris);Tananarive_1925_Paris;;
Tete;Tete;D_Tete;
Timbalai 1948;Timbalai_1948;D_Timbalai_1948;Timbalai 1948
TM65;TM65;D_TM65;
Tokyo;Tokyo;D_Tokyo;Tokyo
Trinidad 1903;Trinidad_1903;D_Trinidad_1903;
Trucial Coast 1948;Trucial_Coast_1948;D_Trucial_Coast_1948;
Vientiane 1982;Vientiane_1982;;
Voirol 1875;Voirol_1875;D_Voirol_1875;
Voirol 1875 (Paris);Voirol_1875_Paris;;
Voirol 1879;Voirol_1879;;
Voirol 1879 (Paris);Voirol_1879_Paris;;
WGS 72 Transit Broadcast Ephemeris;WGS_72_Transit_Broadcast_Ephemeris;D_WGS_1972_BE;
World Geodetic System 1972;World_Geodetic_System_1972;D_WGS_1972;WGS 72
World Geodetic System 1984;World_Geodetic_System_1984;D_WGS_1984;WGS 84;WGS84;WGS_84;WGS 1984;WGS_1984
Xian 1980;Xian_1980;D_Xian_1980;
Yacare;Yacare;D_Yacare;Yacare
Yemen National Geodetic Network 1996;Yemen_National_Geodetic_Network_1996;D_Yemen_NGN_1996;
Yoff;Yoff;D_Yoff;
Zanderij;Zanderij;D_Zanderij;Zanderij
;;D_Airy_1830;
;;D_Alaskan_Islands;
;;D_Anna_1_1965;Anna 1 Astro 1965
;;D_Ascension_Island_1958;Ascension Island 1958
;;D_Bab_South;
;;D_Barbados;
;;D_Beacon_E_1945;
;;D_Bellevue_IGN;Bellevue (IGN)
;;D_Bermuda_2000;
;;D_Bern_1898;
;;D_Canton_1966;Canton Astro 1966
;;D_Dabola;
;;D_Datum_Lisboa_Bessel;
;;D_Datum_Lisboa_Hayford;
;;D_DOS_1968;DOS 1968
;;D_ETRF_1989;
;;D_ETRS_1989;
;;D_Everest_1830;
;;D_Everest_Bangladesh;
;;D_Everest_Def_1967;
;;D_Everest_Def_1975;
;;D_Everest_Modified;
;;D_Fort_Desaix;
;;D_Fort_Thomas_1955;
;;D_GRS_1967;
;;D_Helmert_1906;
;;D_Hong_Kong_1963;Hong Kong 1963
;;D_Hough_1960;
;;D_ISTS_061_1968;
;;D_Johnston_Island_1961;Johnston Island 1961
;;D_Jordan;
;;D_Krasovsky_1940;
;;D_Kusaie_1951;
;;D_LC5_1961;
;;D_Nereid_2000;
;;D_NWL_9D;
;;D_Observ_Meteorologico_1939;
;;D_Observatorio_Meteorologico_1965;
;;D_Oman;
;;D_Pico_de_Las_Nieves;Pico de las Nieves
;;D_Piton_des_Neiges;
;;D_Pohnpei;
;;D_POSGAR;
;;D_Roma_1940;Rome 1940
;;D_RRAF_1991;
;;D_S42_Hungary;
;;D_Sainte_Anne;
;;D_Santo_DOS_1965;Santo (DOS)
;;D_Sierra_Leone_1960;
;;D_SIRGAS;
;;D_South_Asia_Singapore;South Asia
;;D_Sphere;
;;D_Sphere_ARC_INFO;
;;D_Sphere_EMEP;
;;D_Struve_1860;
;;D_Tern_Island_1961;
;;D_TM75;
;;D_Tristan_1968;
;;D_Viti_Levu_1916;Viti Levu 1916
;;D_Voirol_Unifie_1960;
;;D_Wake_Eniwetok_1960;Wake-Eniwetok 1960
;;;AGD 66 NT
;;;AGD 66 TAS
;;;AGD 66 VIC NSW
;;;AGD 66 ACT
;;;Astro B4 Sorol Atoll
;;;Astro Beacon E
;;;Astro DOS 71/4
;;;Astronomic Station 1952
;;;Belgium Hayford
;;;Cape Canaveral
;;;Easter Island 1967
;;;European 1950 (Denmark)
;;;Geodetic Datum 1949
;;;GUX 1 Astro
;;;Indian (Bangladesh, etc.)
;;;Indian (Thailand/Vietnam)
;;;Ireland 1965
;;;ISTS 073 Astro 1969
;;;Kerguelen Island
;;;L.C. 5 Astro
;;;Lisboa (DLx)
;;;Luzon (Mindanao Island)
;;;Luzon (Philippines)
;;;Marco Astro
;;;Melrica 1973 (D73)
;;;Midway Astro 1961
;;;Ordnance Survey Great Brit
;;;Pitcairn Astro 1967
;;;Sao Braz
;;;Southeast Base
;;;Southwest Base
;;;Tristan Astro 1968
;;;WGS 60
;;;WGS 66
;;;NAD 27 (Alaska)
;;;NAD 27 (Bahamas)
;;;NAD 27 (Canada)
;;;NAD 27 (Canal Zone)
;;;NAD 27 (Caribbean)
;;;NAD 27 (Central America)
;;;NAD 27 (Cuba)
;;;NAD 27 (Greenland)
;;;NAD 27 (Michigan)
;;;NAD 27 (San Salvador)
;;;NAD 83 (Alaska)
;;;NAD 83 (Continental US)
;;;Nahrwan (Masirah Island)
;;;Nahrwan (Saudi Arabia)
;;;Nahrwan (Un. Arab Emirates)
;;;Netherlands Bessel
;;;New AGD 84
;;;NWGL 10
;;;Oman
;;D_NAD_1983_HARN_Adj_MN_Anoka;
;;D_NAD_1983_HARN_Adj_MN_Becker;
;;D_NAD_1983_HARN_Adj_MN_Beltrami_North;
;;D_NAD_1983_HARN_Adj_MN_Beltrami_South;
;;D_NAD_1983_HARN_Adj_MN_Benton;
;;D_NAD_1983_HARN_Adj_MN_Big_Stone;
;;D_NAD_1983_HARN_Adj_MN_Blue_Earth;
;;D_NAD_1983_HARN_Adj_MN_Brown;
;;D_NAD_1983_HARN_Adj_MN_Carlton;
;;D_NAD_1983_HARN_Adj_MN_Carver;
;;D_NAD_1983_HARN_Adj_MN_Cass_North;
;;D_NAD_1983_HARN_Adj_MN_Cass_South;
;;D_NAD_1983_HARN_Adj_MN_Chippewa;
;;D_NAD_1983_HARN_Adj_MN_Chisago;
;;D_NAD_1983_HARN_Adj_MN_Cook_North;
;;D_NAD_1983_HARN_Adj_MN_Cook_South;
;;D_NAD_1983_HARN_Adj_MN_Cottonwood;
;;D_NAD_1983_HARN_Adj_MN_Crow_Wing;
;;D_NAD_1983_HARN_Adj_MN_Dakota;
;;D_NAD_1983_HARN_Adj_MN_Dodge;
;;D_NAD_1983_HARN_Adj_MN_Douglas;
;;D_NAD_1983_HARN_Adj_MN_Faribault;
;;D_NAD_1983_HARN_Adj_MN_Fillmore;
;;D_NAD_1983_HARN_Adj_MN_Freeborn;
;;D_NAD_1983_HARN_Adj_MN_Goodhue;
;;D_NAD_1983_HARN_Adj_MN_Grant;
;;D_NAD_1983_HARN_Adj_MN_Hennepin;
;;D_NAD_1983_HARN_Adj_MN_Houston;
;;D_NAD_1983_HARN_Adj_MN_Isanti;
;;D_NAD_1983_HARN_Adj_MN_Itasca_North;
;;D_NAD_1983_HARN_Adj_MN_Itasca_South;
;;D_NAD_1983_HARN_Adj_MN_Jackson;
;;D_NAD_1983_HARN_Adj_MN_Kanabec;
;;D_NAD_1983_HARN_Adj_MN_Kandiyohi;
;;D_NAD_1983_HARN_Adj_MN_Kittson;
;;D_NAD_1983_HARN_Adj_MN_Koochiching;
;;D_NAD_1983_HARN_Adj_MN_Lac_Qui_Parle;
;;D_NAD_1983_HARN_Adj_MN_Lake_of_the_Woods_North;
;;D_NAD_1983_HARN_Adj_MN_Lake_of_the_Woods_South;
;;D_NAD_1983_HARN_Adj_MN_Le_Sueur;
;;D_NAD_1983_HARN_Adj_MN_Lincoln;
;;D_NAD_1983_HARN_Adj_MN_Lyon;
;;D_NAD_1983_HARN_Adj_MN_Mahnomen;
;;D_NAD_1983_HARN_Adj_MN_Marshall;
;;D_NAD_1983_HARN_Adj_MN_Martin;
;;D_NAD_1983_HARN_Adj_MN_McLeod;
;;D_NAD_1983_HARN_Adj_MN_Meeker;
;;D_NAD_1983_HARN_Adj_MN_Morrison;
;;D_NAD_1983_HARN_Adj_MN_Mower;
;;D_NAD_1983_HARN_Adj_MN_Murray;
;;D_NAD_1983_HARN_Adj_MN_Nicollet;
;;D_NAD_1983_HARN_Adj_MN_Nobles;
;;D_NAD_1983_HARN_Adj_MN_Norman;
;;D_NAD_1983_HARN_Adj_MN_Olmsted;
;;D_NAD_1983_HARN_Adj_MN_Ottertail;
;;D_NAD_1983_HARN_Adj_MN_Pennington;
;;D_NAD_1983_HARN_Adj_MN_Pine;
;;D_NAD_1983_HARN_Adj_MN_Pipestone;
;;D_NAD_1983_HARN_Adj_MN_Polk;
;;D_NAD_1983_HARN_Adj_MN_Pope;
;;D_NAD_1983_HARN_Adj_MN_Ramsey;
;;D_NAD_1983_HARN_Adj_MN_Red_Lake;
;;D_NAD_1983_HARN_Adj_MN_Redwood;
;;D_NAD_1983_HARN_Adj_MN_Renville;
;;D_NAD_1983_HARN_Adj_MN_Rice;
;;D_NAD_1983_HARN_Adj_MN_Rock;
;;D_NAD_1983_HARN_Adj_MN_Roseau;
;;D_NAD_1983_HARN_Adj_MN_Scott;
;;D_NAD_1983_HARN_Adj_MN_Sherburne;
;;D_NAD_1983_HARN_Adj_MN_Sibley;
;;D_NAD_1983_HARN_Adj_MN_Stearns;
;;D_NAD_1983_HARN_Adj_MN_Steele;
;;D_NAD_1983_HARN_Adj_MN_Stevens;
;;D_NAD_1983_HARN_Adj_MN_St_Louis_Central;
;;D_NAD_1983_HARN_Adj_MN_St_Louis_North;
;;D_NAD_1983_HARN_Adj_MN_St_Louis_South;
;;D_NAD_1983_HARN_Adj_MN_Swift;
;;D_NAD_1983_HARN_Adj_MN_Todd;
;;D_NAD_1983_HARN_Adj_MN_Traverse;
;;D_NAD_1983_HARN_Adj_MN_Wabasha;
;;D_NAD_1983_HARN_Adj_MN_Wadena;
;;D_NAD_1983_HARN_Adj_MN_Waseca;
;;D_NAD_1983_HARN_Adj_MN_Watonwan;
;;D_NAD_1983_HARN_Adj_MN_Winona;
;;D_NAD_1983_HARN_Adj_MN_Wright;
;;D_NAD_1983_HARN_Adj_MN_Yellow_Medicine;
;;D_NAD_1983_HARN_Adj_WI_AD_JN;
;;D_NAD_1983_HARN_Adj_WI_AL;
;;D_NAD_1983_HARN_Adj_WI_BA;
;;D_NAD_1983_HARN_Adj_WI_BF;
;;D_NAD_1983_HARN_Adj_WI_BN;
;;D_NAD_1983_HARN_Adj_WI_BR;
;;D_NAD_1983_HARN_Adj_WI_BU;
;;D_NAD_1983_HARN_Adj_WI_CK;
;;D_NAD_1983_HARN_Adj_WI_CL_FL_OG_WN;
;;D_NAD_1983_HARN_Adj_WI_CO;
;;D_NAD_1983_HARN_Adj_WI_CP;
;;D_NAD_1983_HARN_Adj_WI_CR;
;;D_NAD_1983_HARN_Adj_WI_DD_JF;
;;D_NAD_1983_HARN_Adj_WI_DG;
;;D_NAD_1983_HARN_Adj_WI_DN;
;;D_NAD_1983_HARN_Adj_WI_DR;
;;D_NAD_1983_HARN_Adj_WI_DU;
;;D_NAD_1983_HARN_Adj_WI_EC;
;;D_NAD_1983_HARN_Adj_WI_FN;
;;D_NAD_1983_HARN_Adj_WI_FR;
;;D_NAD_1983_HARN_Adj_WI_GL_MQ;
;;D_NAD_1983_HARN_Adj_WI_GR_LF;
;;D_NAD_1983_HARN_Adj_WI_GT;
;;D_NAD_1983_HARN_Adj_WI_IA;
;;D_NAD_1983_HARN_Adj_WI_IR;
;;D_NAD_1983_HARN_Adj_WI_JA;
;;D_NAD_1983_HARN_Adj_WI_KN_MW_OZ_RA;
;;D_NAD_1983_HARN_Adj_WI_KW_MT_SG;
;;D_NAD_1983_HARN_Adj_WI_LC;
;;D_NAD_1983_HARN_Adj_WI_LG;
;;D_NAD_1983_HARN_Adj_WI_LN;
;;D_NAD_1983_HARN_Adj_WI_MA;
;;D_NAD_1983_HARN_Adj_WI_ME;
;;D_NAD_1983_HARN_Adj_WI_MN;
;;D_NAD_1983_HARN_Adj_WI_MR;
;;D_NAD_1983_HARN_Adj_WI_OC;
;;D_NAD_1983_HARN_Adj_WI_ON;
;;D_NAD_1983_HARN_Adj_WI_PK;
;;D_NAD_1983_HARN_Adj_WI_PP_PC;
;;D_NAD_1983_HARN_Adj_WI_PR;
;;D_NAD_1983_HARN_Adj_WI_PT;
;;D_NAD_1983_HARN_Adj_WI_RC;
;;D_NAD_1983_HARN_Adj_WI_RK;
;;D_NAD_1983_HARN_Adj_WI_RS;
;;D_NAD_1983_HARN_Adj_WI_SC;
;;D_NAD_1983_HARN_Adj_WI_SH;
;;D_NAD_1983_HARN_Adj_WI_SK;
;;D_NAD_1983_HARN_Adj_WI_SW;
;;D_NAD_1983_HARN_Adj_WI_TA;
;;D_NAD_1983_HARN_Adj_WI_TR;
;;D_NAD_1983_HARN_Adj_WI_VI;
;;D_NAD_1983_HARN_Adj_WI_VR;
;;D_NAD_1983_HARN_Adj_WI_WA;
;;D_NAD_1983_HARN_Adj_WI_WB;
;;D_NAD_1983_HARN_Adj_WI_WD;
;;D_NAD_1983_HARN_Adj_WI_WK;
;;D_NAD_1983_HARN_Adj_WI_WP;
;;D_NAD_1983_HARN_Adj_WI_WS;
;;D_NAD_1983_HARN_Adj_WI_WW;
